{
  "source_port": "",
  "destination_port": "",
  "target_ip": "",
  "target_port": 12345,
  "packet_size": 32768,
  "packets_per_second": 1000,
  "max_packets": 0,
  "use_handshake": true,
  "use_start_delay": true,
  "use_verbose": false,
  "add_protocol_version": false,
  "add_source_mac": false,
  "add_unique_id": false,
  "add_payload_signature": false,
  "autotune_enabled": true,
  "autotune_interval": 5,
  "autotune_packs_increment": 50,
  "autotune_packs_decrement": 50,
  "autotune_size_increment": 500,
  "autotune_size_decrement": 500,
  "max_packet_size": 32768,
  "max_packs_per_sec": 5000,
  "min_packs_per_sec": 50,
  "min_packet_size": 5000
}